name,number,email,hashed_password
Hyacinthia Nowlan,1855001801,hnowlan0@forbes.com,qY9~MQ7U
Anneliese Shirrell,5043818020,,sK1+!p4YTt4c
Cordie Jillett,1898540478,cjillett2@goo.ne.jp,zD0'*#BeSLG6
Ranna Feldhuhn,6489342278,rfeldhuhn3@issuu.com,"cN2%yq)""A@=''%a"
Misty Cobbin,7023699871,mcobbin4@usda.gov,oM4<R<D@Dc+
Bradford Debrick,2064209350,bdebrick5@godaddy.com,bY8(_Tt=sZYz/
Elwira Burgane,3696149247,eburgane6@theguardian.com,bW7#&TNn~5
Sibylla De Beneditti,9949974380,,hP7}5PI\U
Cooper Keddy,3171469736,ckeddy8@marriott.com,"kB8)e0H9,pK"
Thom Hollerin,8812918933,thollerin9@mapy.cz,mM8%?|I*LAN|hZ
Lorant Lamont,9934316916,llamonta@youtube.com,wY2)Rha@~J6zaHg
Reg Clifft,4423066036,rclifftb@yahoo.com,kY1*z@oFGf
Panchito Baverstock,4855881086,pbaverstockc@goo.gl,qR4\}vXGt%n}}
Wilhelmine Bulfield,8215627911,,mO6(*FLxrh\{)
Cleon Coo,7335668900,ccooe@chron.com,"rI0_*{BP,u\IJ"
Alyda Meacher,5048896042,ameacherf@constantcontact.com,cO4#FsC7K
Bogey Playford,7632391034,bplayfordg@storify.com,mH6|xdrWioB
Tyne Billyard,4154087583,tbillyardh@t-online.de,oR7$<|I@TzG71?.
Kristyn Mease,3965249757,kmeasei@typepad.com,uT5*lmwmqg
Miller Merfin,6092868578,mmerfinj@wisc.edu,hJ2{eL1b)bS5d.L3
Pia Cocklin,6956121666,pcocklink@issuu.com,xG3_y+*rD`
Raff Bazek,3145788893,,rO5`0+N*<X~Phf{L
Elnora Dallas,3676235742,,lW0)5&8WCy)wn0#
Isiahi Kobes,6854615027,ikobesn@reddit.com,nC6_GC6uWz7?A4
Daveta Sandells,2419185902,dsandellso@japanpost.jp,tG1)6gPTT~J
Othelia Jeffryes,2387070989,ojeffryesp@purevolume.com,wF5(Ol|S6j
Sophie Swepstone,1807788116,sswepstoneq@ezinearticles.com,kQ9%Mm.<bhUe*
Meagan Sinnatt,1967858524,msinnattr@de.vu,aC1>6aM}
Letta Gadsdon,5472527459,lgadsdons@ucoz.ru,"cO7,E7>nFk*#x"
Lorin Pinyon,9102679064,lpinyont@nbcnews.com,aV5@>FQ~x
Quintana Bedle,7454721337,,rH1%`W4Wja{
Nedda Liddy,4636116047,,"zL0`M,8O|TP"
Maren Guidoni,8987364719,,"rV9~t%""4An"
Barron Oxe,8009335255,,bA0@frG674eWh
Leela Topper,4558943777,,"rJ9,%2|J/B%$}66f"
Greggory Brockbank,1046953209,gbrockbankz@prlog.org,rZ4~LeKMeU}z
Dorette Hasty,6518254682,dhasty10@livejournal.com,"hF0)(B,ZsadHQ9.v"
Rowney Kohler,3548049665,rkohler11@usa.gov,kL8}03d5hK}n
Bourke Abbs,3926354461,babbs12@japanpost.jp,kS1|s{4MBC_O
Arlyn Sitwell,2955045633,,sK4}3h8&
Dacie Angrave,7068796301,,vC4/A>8xN
Ber Newlove,9958972986,bnewlove15@wiley.com,"yZ4*'0B"")"
Perry Carmel,6965417886,pcarmel16@boston.com,mJ2`1X'#&
Kim LaBastida,4856614269,klabastida17@naver.com,rM1$Se_=oST~r
Weylin Inchcomb,7549859561,winchcomb18@gmpg.org,aS0{vZPiI!l.cU
Kacy Semmence,1835614357,,wQ4?4c|H
Ronda Gwyn,9662866524,rgwyn1a@macromedia.com,"hA6_..L,kbU='qG&"
Camala Danilowicz,6094943769,cdanilowicz1b@smugmug.com,zN0/aZ5=NP/W3F
Emelyne Balassi,7622115186,,zN7?\d9g0Y
Charles Neaves,4214475946,,wK7'a@cr`hH
Danica Stower,5867695760,dstower1e@bloomberg.com,aA0}k3zB+)TL)
Bar Sansome,1833486478,bsansome1f@statcounter.com,eQ1('oUO
West Breen,8286049633,,aT0/Jlr<c=v3
Alleyn Slessor,8695032947,aslessor1h@photobucket.com,lO7@%fKU<
Cicily Cuckoo,3279152869,ccuckoo1i@ocn.ne.jp,"fX6,YA_~/%bWgkXM"
Helyn Matisoff,8652292241,,fW2\+\$5e
Vergil Connors,5126052644,,wV6+eRCQ(XpQ}
Carrissa Feasby,2005436442,cfeasby1l@de.vu,eS5(J7HsU
Keith Dalli,5662199591,,pB0@`4@0H
Brina Kenworth,7578771144,,lB2)Lps'e7F<2w
Diane Pollack,5549188355,dpollack1o@gmpg.org,uQ3<s}r=S~_Uq4nX
Winona Easseby,9254770632,weasseby1p@hc360.com,eR1*bgWEZ
Paxton Pontin,8881851750,ppontin1q@booking.com,pN4(\nT#
Delmor Vannet,7152933239,dvannet1r@china.com.cn,"jE0""knhD/Np@2A#"
Yasmin Prazor,9033483971,yprazor1s@domainmarket.com,hG6|YjUhLJYqC10k
Even Montez,3067225898,emontez1t@discuz.net,"wM3?hi.$9c""$HuJ"
Constantine Sowman,8026626722,,wT8(Vi~RLeUv
Katusha Catenot,8669288666,kcatenot1v@liveinternet.ru,vS0%X15dmolZ
Brooke Pimerick,5092496165,bpimerick1w@jalbum.net,yE5&M'\%o8U@tq<6
Rozalie Murgatroyd,7029495019,rmurgatroyd1x@booking.com,vH3%I.T0'IGC
Kristel Luna,9346532667,kluna1y@mysql.com,jX8#RQnbX8i$2g
Brietta Pawelski,1254583412,,"mI8""O\f<%Gefu51"
Willa Erdes,5371503692,werdes20@bbb.org,bS3_){VW7.Wk
Shayla Duigenan,2856128108,sduigenan21@shinystat.com,eL7<5h=R
Dael Abad,3679238762,dabad22@feedburner.com,yI0\_}Q+r
Jesselyn Southern,1025276174,jsouthern23@redcross.org,mM1'RN!>}YtyD
Joellen Gonsalvo,6436173018,jgonsalvo24@yellowbook.com,cB3_Gk0i
Chantalle Forsdicke,7306613454,cforsdicke25@newyorker.com,"sW2&<""0Q&K"
Laurene Bignell,3526518597,lbignell26@marriott.com,lN3$XjD?=cOT2j
Anissa Novkovic,7674649662,,lG5=s`LMKh~%\QXs
Vladamir Cotsford,4571312727,,cN0>$ojt9qFbe1
Barbra Bernardy,8647782656,bbernardy29@discovery.com,uU0=dkJzikJXvA
Dario Skipsey,2477244746,dskipsey2a@hhs.gov,zA8$YKOKor
Floria Dauby,6126700921,fdauby2b@washington.edu,hU5%QYTT{4qC<SpP
Florida Bowra,2118187421,fbowra2c@uiuc.edu,hD6@TPozQ'}J
Tiphany Rosbrough,4191902452,trosbrough2d@free.fr,iU8#m|it!>_
Hallsy Mitton,2698055822,hmitton2e@ft.com,hR6_)BM8@k.
Keen Climson,1038567642,,"lL8)#A&}(1""lA"
Aurelia Swancott,3275721230,,jF3)'yh#p`>F5UQ
Aarika Ticic,2637262306,,jR2*I/)CV<KE
Ozzie Gowrich,8053807549,ogowrich2i@tinyurl.com,lU8~B<}V
Marlena Kinchington,4628132348,mkinchington2j@exblog.jp,oS6%uPRA
Riley Shimon,3796368875,rshimon2k@sakura.ne.jp,iD1}GFcn'IN
Yoshiko Pym,7184015468,ypym2l@epa.gov,pT4*0&w0XPF12dL
Penelope Calder,9457547737,,cN9\VxWm<r
Melania Brockie,3351342874,mbrockie2n@usa.gov,pK5?\.'4i0
Berk Dudderidge,7035478990,bdudderidge2o@tripadvisor.com,fW6\=a#_+
Curry Andri,9691879424,,qY4+j>h%M
Miran O'Conor,9221549362,moconor2q@thetimes.co.uk,iB3&+|x6C0
Tymon Lafrentz,8551558898,tlafrentz2r@over-blog.com,nI7#OY72o
Haze Beckworth,4396229100,,pG7(VSW1ge1OR
Rickert Vazquez,5562824577,rvazquez2t@nytimes.com,"cM0=}BRtNa"""
Anselm Wharby,7384337665,awharby2u@free.fr,"yV6_,gFP4E"
Nero Giraldo,8937645570,ngiraldo2v@amazon.de,qO2#G$h6W
Sky Aldrich,1988247059,,qX1/)@ej
Dorian Leppard,4079902936,,kA6?1{Zv
Carlye Whiles,2837093796,cwhiles2y@g.co,xH2%NMUaXIj
Meggi Batterham,7989294098,,bI0.'w#n!wC*a0Sw
Shaylah Dyster,3162160424,sdyster30@newsvine.com,eH1.K0>l#X'oM6
Tucker Dietsche,8996691392,tdietsche31@studiopress.com,fY5.GIzevK\HXN6
Fair Fuente,4898404803,ffuente32@tiny.cc,iK6|\fA0
Filippa Brabyn,7152347447,fbrabyn33@printfriendly.com,gK1|Rtp7*o*
Leah Farrans,6267621466,lfarrans34@guardian.co.uk,"oW9$7N03<u""uD'#1"
Christi Mozzini,4749270033,cmozzini35@weebly.com,eU8/emiP%A
Harlin Peche,3886317150,hpeche36@livejournal.com,nR1}6N9q~w|
Marcello Tressler,5253438994,mtressler37@economist.com,"yM4_LXc8mw""'"
Bary Kield,3189330812,,pB9$q*n5TTHsqX&
Milissent Axby,9891930036,maxby39@webeden.co.uk,bL2(SFXeTB36
Zollie Baptiste,5562742345,zbaptiste3a@homestead.com,bL5|~#TRPvYj0x
Lotta Kasher,7075610059,lkasher3b@ovh.net,bX1_j|K'eL@
Vic Camden,8276963511,vcamden3c@cornell.edu,"uW1>|<#},A{HM"
Tore Sivior,9962497355,tsivior3d@cam.ac.uk,wW4=h.VR%#c??\d$
Rafe Plumbley,8799617219,rplumbley3e@businessinsider.com,pU7%qTcp9%Z`VzL
Shana McCloud,1139970910,smccloud3f@businessweek.com,xZ7&}d_~+9L
Barnie Rosewell,2245661854,brosewell3g@dell.com,"xK5$6?fy""NeG0"
Fifine Hehl,2129603494,fhehl3h@naver.com,zK3/Ea93i'|m/R
Phillida Vollam,3597135100,,gI6/qh2BM2_PGb@b
Dannie Climo,7455907545,dclimo3j@weebly.com,"qJ9,JB=XU"
Cecily Arons,8541405960,carons3k@sogou.com,"mC4{}g,P"
Karim Wapples,2897546528,kwapples3l@wordpress.com,nQ9$McGx8'MoAf
Nona O'Sharkey,1006834166,,mB7`W*>$7w3luB5
Carolyne Menaul,7155340223,,kH8/Hk_lBMZg
Etienne Lambricht,8045344001,elambricht3o@ftc.gov,"jJ4}=qZ}xCC\,EK0"
Lorene Stapleford,6899204440,lstapleford3p@ca.gov,nW6(vwQ0i*2Of0<
Conway Cholmondeley,3465343401,,kA0.?aJJ1
Phillip Rothermel,7461051280,prothermel3r@addthis.com,oU3/FfZh@TarR=
Cary Mitro,5433816187,cmitro3s@paypal.com,fY8?jO6s
Claudina Orum,3748238587,,yI4=F{<&&rpk.0?
Althea Zack,1244006752,azack3u@blog.com,rE3?d$EwtxpmnO_
Myranda Rivallant,3429646361,mrivallant3v@smugmug.com,cP6>YAY_5tjotu
Starlene Jakobsson,3889040508,sjakobsson3w@digg.com,hR8_Z'oJc!5f\R%
Sarina Joddins,5827413036,sjoddins3x@virginia.edu,wY8.7d?)7(J8(!j
Lothario Sherry,7955841653,lsherry3y@quantcast.com,jA5)DweDr65&=#g\
Vittorio Sarle,6288855526,vsarle3z@parallels.com,cD8+(*wly.)eurK?
Marcellus Bernier,1691983833,mbernier40@ox.ac.uk,bF0&T(6d<
Bobine Sneezem,4773268757,bsneezem41@seattletimes.com,vE1~db1/Y
Cristin Kase,1189332498,,tU1%8@).4O
Emeline Cheke,5482851836,echeke43@furl.net,lX4>5PK77W
Rachele Bartholomieu,8989750498,rbartholomieu44@amazon.co.uk,"aQ3'""umwURYk4@z"
Reina Sprowell,7129880553,rsprowell45@creativecommons.org,"nX3,j?FNR?x"
Sandi Randalson,9387208534,srandalson46@sun.com,"kR2$qD1,AlGo8"
Cosetta Tulloch,2015781397,ctulloch47@wp.com,uM3@nO\/J
Pip Crumley,4084793416,pcrumley48@nps.gov,"lR1}UO2I""H"
Keary Chrystal,3897937314,,hN6%Q{Y!c4|H|_
Forester Janney,3566629519,fjanney4a@amazon.co.jp,tP0&@+ZJc4hTO>
Matt Luchelli,4768136755,mluchelli4b@friendfeed.com,bX4/e7YbpD
Steward Daniele,3751398451,sdaniele4c@fc2.com,hK8\7*GoxUtoo=h
Port Runge,7485424263,prunge4d@about.com,"jK2\wfoaY~`V,`?"
Dedra Meriet,3781687210,dmeriet4e@jimdo.com,xS2_Gm<?IyP$BL
Enrica Van Der Weedenburg,9477830124,,eX0?Zse?N6xPxt
Hinda Grosvener,7569950310,hgrosvener4g@squarespace.com,yR5)75)R`GW7KB|K
Vivienne Antcliffe,1866617722,vantcliffe4h@nps.gov,hF4&DQ/MSfVr>JN
Shaun Stuchbury,2222299087,,bS8~T0GgM
Annadiana Heliot,9774505365,aheliot4j@desdev.cn,oJ7~IFbYiBI>W
Ralina Simion,5908869010,rsimion4k@opensource.org,"pW1,n&snyUcKi"
Constancy Realff,1558164402,crealff4l@dyndns.org,"xR5|18~h""9Je9b"
Florina Blinman,3162179733,fblinman4m@nasa.gov,wX4}>tgTHb7
Cory Kinnane,8559102704,,aG8%oYlu=yN$
Benedicta Beach,8343858185,bbeach4o@51.la,xG8?zPr8*f+lRD0!
Cami Alltimes,8716380829,calltimes4p@fastcompany.com,mZ0!ze<_@
Blane Mooney,5611324519,bmooney4q@technorati.com,uB8%6ned5(T8e
Mella Gaenor,4044634638,mgaenor4r@craigslist.org,gA5@=9{40jU3~iI
Lillis Sparke,1312114500,lsparke4s@ucsd.edu,wE0~?jJ.Yf\+|0C+
Avie Peile,8862410699,apeile4t@facebook.com,"fG9__8<""h*L?hemA"
Valerie Pickover,2775301588,vpickover4u@parallels.com,uI3.Ih{zB
Annora Gumary,8466870777,agumary4v@tripod.com,zR1)nK1l5r9
Lenard Turpie,5911294679,lturpie4w@harvard.edu,uI0(2+!JcWCu#
Jacquette Cunnow,3966049777,,fW3<Odq\
Tommi Baverstock,1639734971,tbaverstock4y@dagondesign.com,gR9/lje{#W
Lotte Dundridge,6438182053,ldundridge4z@washingtonpost.com,bX2%}%gzIuK6
Alta Letty,1135477876,,oX9@Du!KY
Christy Vasilkov,5172157179,cvasilkov51@sakura.ne.jp,kG1_%+zMA6k_
Solly Saintpierre,7508740629,ssaintpierre52@nhs.uk,eW8/acWSMkqC=?6
Elinor Jeacocke,1438802819,,tE3)M@_G5rAbB6cx
Melly Bonde,5485362677,mbonde54@artisteer.com,kZ5<dJT%apr
Garth Saill,9906726467,gsaill55@house.gov,sM7`eD*ByF6|}E<
Bill De la Zenne,6417991639,bde56@economist.com,"aS1@{uF<Wk!"""
Silvie Cowap,4213860962,,lW9)ryUUd$HCZ*nm
Rosamund Hambrick,6616008853,,eD5*gisDE$
Mallory Corby,4457089023,mcorby59@uiuc.edu,wL7)NQ@*C(2Ly!r
Leeann Ellingford,7937916851,,sP2%phy)W
Manuel Aldham,6195507363,maldham5b@seattletimes.com,bW1|_Wh(@yULFsK
Gabi Dilley,9325358487,gdilley5c@ibm.com,xD4\C4nfY
Arte Kupker,6765904864,akupker5d@gizmodo.com,wM9>z4|zK/'
Buffy Greveson,2603082702,bgreveson5e@ca.gov,rH2'uem(A1'+
Penny Hollyland,9484679452,,pZ6=_FL.vBwF.R9w
Catina Kloisner,6646726084,ckloisner5g@hibu.com,kN5*+*z#/@s?y
Persis Bellamy,7238411576,pbellamy5h@csmonitor.com,dR7~NI_eQ
Gena Killingbeck,4368487631,,aO2.lcnm(
Elva Coggin,5434310089,,"wV1(.5ttw$rC,M"
Letty Alsopp,8359937082,lalsopp5k@zimbio.com,jA2?5shZ('|
Thain Giddings,8632022357,,uR8%UlTt(vdO%
Donnajean Standeven,4155388218,dstandeven5m@naver.com,pY6(l~%6
Karina Thiem,8703172690,kthiem5n@telegraph.co.uk,fB2?L/FwMMCk
Mahmud Conws,1885431612,mconws5o@weather.com,"hA2/Jr>ct%""IVmu"
Knox Gander,1404052985,,jW9~O'hQ}X=GTf
Parsifal Maben,3086724244,pmaben5q@shareasale.com,pT4~/dzN/CXljIp
Crista Innocenti,8365451206,cinnocenti5r@sitemeter.com,qB9!/#9tBtHdd4lm
Abbie Dunn,6696274263,adunn5s@oracle.com,pN9~cXlkus
Harvey Kitman,6879142258,,"dK4&gY$UxK`7\,."
Binny Barday,2548507403,,lZ1.ahukb\~wQy&'
Herold Vanyushin,1459971000,hvanyushin5v@webnode.com,tN9@U/=y
Herculie Finden,6632360334,hfinden5w@yelp.com,"oV6?G=""G4@"""
Chuck Rowles,2006892457,,mN7%*K'P9{WDa
Vivyanne Hubbock,5632363553,vhubbock5y@wikimedia.org,nS4(4{ma>7Qh(Mj
Loren Shireff,8338930792,,iU7!q>/ftc4+S
Ev Clemes,2731910074,eclemes60@techcrunch.com,aX5<O!nP3t~uf
Dayle Holhouse,5407265951,,eT1!hp7y8>D5J@
Tate Lanphier,9017081723,tlanphier62@cornell.edu,qM7*mkuVhU
Shir Greenhough,7427936337,sgreenhough63@indiegogo.com,"rZ6.M&,w~&S6uyq"
Letitia Desseine,1336116714,ldesseine64@miitbeian.gov.cn,jZ4{f'/0EB
Sibylle Mounch,2661743396,smounch65@is.gd,"pD3*_,vl_GO"
Ragnar Rubinov,6355269830,rrubinov66@gnu.org,zW3_iJN`Ft_P
Jaye Wilbore,8234546729,,zN2@!#)`mojtcc=
Mignonne Biddiss,4475300695,mbiddiss68@plala.or.jp,"zI2=\lI<gj,+X&"
Maurine Siviour,8801951166,,pE4`xz3Zc(
Becka Hansom,4192921548,bhansom6a@nytimes.com,"kK3""05!C!LQ@zE"
Culley Howton,9461457863,chowton6b@tripod.com,xN1'(6Z>z@Awj
Sianna Crossland,1315426509,scrossland6c@tumblr.com,pR8*l}nnk
Julissa Couthard,7157829859,jcouthard6d@cdbaby.com,"eM9,(Xkv"
Winifield Bletcher,3868421864,wbletcher6e@examiner.com,"xD1,_p/wp"
Barnebas Duffett,1657041066,,wL8#kzm@7
Lanette Fidelus,8912470867,,"vE4{""+!KQ>=1Q"
Anette Hissett,2513848823,ahissett6h@theglobeandmail.com,oQ9'Nc|y+VL
Neil Lehr,6395802583,,jC6'D$iG(#FcbS
Ellary Lace,3384739805,elace6j@clickbank.net,uY6&D_xxcO
Kalvin Lawee,8551685986,,bE6(3m_1B&N*J{|p
Estrella Neilands,8313733998,eneilands6l@jalbum.net,tK4}Lq8r
Dallas Barnard,5365922972,,pO1/6Rru|\
Hestia Sidaway,7729707259,hsidaway6n@a8.net,fV2'C{=~L2E
Derrek Gerardi,7842910594,,uO6.r!WE|
Amandie Bussens,1978691489,abussens6p@paginegialle.it,qT6<)RZ)lm_J'tM}
Emilio Lamdin,2544141114,,fM4*2jS?FkhhO!>X
Robinett Probat,4373815511,rprobat6r@hubpages.com,pX0}@Uy\Ya>b
Edmund Wilde,5401933197,,"eI6#EWB`I""Z"
Valaree Salsberg,4363478924,,fW5$/dE=H+cq1)m
Nicolea Rubes,6113052094,,sF5#\?l<d%2gfG.
Neall Hickinbottom,9766639788,nhickinbottom6v@wsj.com,kC2$3dwe@$NKALG(
Christel Syversen,8708480625,,tZ3+u&03RvBR6O
Yehudi Dodding,7816772515,ydodding6x@infoseek.co.jp,dY8+tOiwD+U=5
Redd Gervaise,9955720049,rgervaise6y@ocn.ne.jp,tP0@lF)9VdH{2
Alasdair Osgar,4585210945,aosgar6z@columbia.edu,dH6(=g'QJ
Malissia Gillyett,9995577413,mgillyett70@blogtalkradio.com,mW2}_6e7?m}Zw
Marjory Rizzardi,4404887926,mrizzardi71@wsj.com,jC3)9zl(s'
Even Ivashnikov,7437035341,eivashnikov72@edublogs.org,"aC1#(R<bo,lL+RE*"
Aluino Aleksankin,3938360295,aaleksankin73@paginegialle.it,"aG8>QM4~Fj|,F.&d"
Coletta Dolohunty,6163433276,cdolohunty74@mediafire.com,wN7#9|Ym}3
Kenneth Tweddell,9931475762,ktweddell75@disqus.com,jE6{~?t`F=US
Malcolm Nolin,5684196939,mnolin76@seesaa.net,wH6>8#$Fgy)W
Jordon Scawen,9118960607,jscawen77@prnewswire.com,aY3*|$k$
Mirabella Halahan,4576217412,mhalahan78@amazon.com,eT7<txTeUY
Minny Garrood,4719870725,mgarrood79@zdnet.com,pZ9@9U22s
Mariette Dennidge,4075642201,mdennidge7a@jalbum.net,"jM4|~<,,Ilqt={3#"
Angele Mead,9094066852,amead7b@amazonaws.com,vW4%uLF|z?k_MW
Aluin Clarae,1725866982,,"oQ5,q2M1x_TD5||"
Cirillo Salerno,4736473026,csalerno7d@godaddy.com,aL9@\f9A47
Nomi Cisson,2062892496,,jX7|M{j(+B%<\Tj
Zia MacCafferky,2354640793,,yZ6_/h!b
Adelice Filipson,6007611304,afilipson7g@biblegateway.com,lU6`UF=TGA7Na
Othelia Nanetti,9292605242,,"cO9%""S5gd'"
Eustacia Nolot,7108225890,,tZ7&w>#.cfWb
Lorain Duerden,9453678624,lduerden7j@ibm.com,kB2#NmLl{BvM
Broderick Dissman,3746939587,bdissman7k@last.fm,"qU4(fZvu,RrJ'$"
Fayre Duchasteau,9505399848,fduchasteau7l@cam.ac.uk,qF7%yygd8/#K6+.
Gaby Twinbrow,9536931590,,cV1|Y)qTWkvOqALO
Noami Yesson,7862344471,,wO0\y3`MuX_+=U
Melonie Durrand,9754321740,,"rP4}hkKl""D"
Kendell Givens,8855515531,kgivens7p@virginia.edu,cJ5`+0!T6
Hurleigh Entissle,7476064530,,aP2#q7I_y
Thibaut Leafe,3431664301,tleafe7r@cbsnews.com,eJ8>!x{s_O
Aguste Durnall,6475414390,adurnall7s@nydailynews.com,cI0_!*CxceH(
Sumner Izac,1059569873,sizac7t@reuters.com,bJ6+KA06A
Lynnett Caccavale,6643201207,,"uW3}r@R*.,8}50o"
Thomasin Solano,7669660182,,bQ0~Doi>4
Francklyn Heads,2786336634,,"zV7)FpH`2R""H+%O"
Helen Davley,3498884252,hdavley7x@businessinsider.com,"sQ8@""SuZFrgs'Z=d"
Lynne Ennion,2209955200,lennion7y@hatena.ne.jp,gW3{KTVMElx
Thacher Garstan,8246551648,tgarstan7z@g.co,oR8'$n(ovWt1wkq8
Liana Doghartie,1188127855,ldoghartie80@tmall.com,eQ5$\s!9'lQ
Hilliard Fisbburne,4302811969,hfisbburne81@cbsnews.com,aS9\MTP|fE5D&zk
Leif Gillett,1681518814,lgillett82@theguardian.com,qF2*pi{/OFhANt
Deeyn Dellenty,1675845313,,cJ4=eb(O@eX
Vivie Coch,7672829620,vcoch84@marriott.com,"nJ4<w\9""_n"
Lindi Lack,9858541475,llack85@people.com.cn,uF3/vm5Oq
Gennie Pineaux,2619426776,gpineaux86@princeton.edu,jJ8!cFMu3C
Angelico Klassman,6679547700,aklassman87@360.cn,pM8'0&UcS0u~eE
Neilla Greenough,4672746900,,uJ2}<y7@o
Gerhardine Edsell,1409251274,gedsell89@ask.com,"bY0,&UM9dIqK1"
Tammie Levine,2178690381,,sC1?|q5N3lHUPae
Selle Klimshuk,7812302941,,dF3.Bv|7?<*
Parrnell Tufts,5744156627,ptufts8c@arstechnica.com,dY4`a(gX2DQe{*B=
Florina Greer,2023238537,fgreer8d@ow.ly,"uR0?/""B+aG?iO1}"
Eva Primmer,7629530756,eprimmer8e@craigslist.org,yB6_eg{A`<
Wilbur Hartill,6329402103,whartill8f@mapquest.com,cL2`~6m.bWM{mcT
Talbert Minifie,7558154995,tminifie8g@amazonaws.com,uA4=lCM0
Erwin Rosnau,1768363809,erosnau8h@princeton.edu,yW8|wJlNM0
Waverly Barlee,3421018250,wbarlee8i@de.vu,tO5&zS8GvD/
Jermayne Pyecroft,7989694474,,bF9'BXm/L_'4
Melinde Kadd,1175177458,mkadd8k@wp.com,fJ2>`@kof
Beatrice Flounders,9891968524,bflounders8l@cnbc.com,fE1/~$n}_
Mellicent Gartenfeld,6475708367,,vA9?0mO(Mt
Ninon Walentynowicz,2211802231,nwalentynowicz8n@tinypic.com,uV2`O1wA0X|>C
Concettina Ellesmere,5738462927,,iU7*tH@8m
Noelani de Almeida,5966316833,,iC6%wv1)eN1N
Alvan Glen,4784584927,aglen8q@archive.org,zA8\VRT\3>@WM>
Glennis Semken,4604076674,gsemken8r@behance.net,hL6'AA*8r2`)?T
Janey Rattray,3706531961,jrattray8s@smugmug.com,kF4.EMe_
Minette Reston,8166221770,,wW6{=%M}`a
Gardener Philps,5353452674,gphilps8u@springer.com,uZ4$B$=&df5B=
Darb Gulberg,3046805519,dgulberg8v@mashable.com,"aD6.5a""cQ"
Jonis Brizell,4001690649,jbrizell8w@nationalgeographic.com,"aR1#Z%+3m6,"
Loleta Maben,4227795605,lmaben8x@macromedia.com,jT0$?wD.c$Sfj=m
Daniela Asbery,6806564695,dasbery8y@walmart.com,pN1<g&P`
Pinchas Josipovic,8705504022,pjosipovic8z@livejournal.com,rX0$64CSUu*qLv
Malvin Lorence,5947280853,,sJ1@FunE
Amandi Reinbech,5015859324,,"vO7{pVL4,""'/R"
Nicko Goodbar,3095589042,,"oC3#X&R`Ji,Q1k"
Caralie Jakoviljevic,6821289259,cjakoviljevic93@liveinternet.ru,"hW5,&7Qt,?}2/T"
Blondie Poley,8444389882,bpoley94@dailymail.co.uk,xE1*vwg1\CfYYA
Leif Tratton,3904705698,,sF8/.2K*=
Pansy Kunkel,4201538944,pkunkel96@rediff.com,vA0@|D9ghzq6
Ethelred Rentilll,5116196033,erentilll97@jimdo.com,"cF6/2d,?X(6_g?3P"
Phil Patman,6568578013,ppatman98@histats.com,vN5(eJD)
Wolfy Giorio,2602750703,wgiorio99@elegantthemes.com,sL5?=CFcp
Blondy Szymoni,4172513073,bszymoni9a@msu.edu,sP9/Dk}U=\
Claire Mattschas,2895670649,,yX2)xdx$t1hV#sl
Udell Cuffley,2482886954,,wC8'9>v1CkWQ%fh
Maris Caban,1388491971,,"jD0,BtWp=f6bO6"
Candi Simeone,2135664135,,jF0>\EjI.)}r
Bogey De Mitri,5932865807,bde9f@elegantthemes.com,kI5|<*~v
Allie Kippins,6927545493,akippins9g@google.ca,"rX0,Ne$A6"
Amitie Heathwood,5385692764,,kF1<@Fz#}$jTn>W
Brittany Blown,4205010762,,cA0=owlY&X2qF
Gerhard Piccard,7789945427,gpiccard9j@lycos.com,xE0@IcLmeM0hv
Ly Dowty,6125864511,ldowty9k@typepad.com,vO3|}Im1X1p6
Kaine Skydall,9487068020,kskydall9l@java.com,pZ9#FLV!=\
Hephzibah Wolvey,9751150667,,nH7'J`}Y
Dallas Giacopelo,8043735641,dgiacopelo9n@go.com,xS7/SMpJv2tLO
Carole Mithon,5705944666,cmithon9o@mlb.com,qE5&y.T~anne
Theresina Glastonbury,1407922615,tglastonbury9p@ifeng.com,hG5!Ol\iMz
Peggi Sherrin,3056879913,,"pN6$V.""8%6a"
Wittie Natt,9859848349,wnatt9r@mediafire.com,jS7_WQYf
Kimmie O' Finan,3921953860,,"zK3&}Go_'R}J,"
Clo Lidgate,1858059500,,xW8@ZH\|Uoy/J>p&
Avery Osgar,6779967634,aosgar9u@e-recht24.de,yX4)E_X|
Domini Dukelow,5713401728,ddukelow9v@japanpost.jp,rW2@L9AaRx
Mercie Bavage,2648202675,,"xQ5,XVCBe%"
Lanny Jendrich,3753612121,ljendrich9x@list-manage.com,lV0_zhwW%g\6hzf
Maurise Cardinale,7447526997,mcardinale9y@wikia.com,"pW9*m*"".9I(@=?A"
Neale Rosewall,2275061564,,gJ8|@KvN
Moina Everly,1254995446,,sF7`9$V%M8OB&v9u
Julius Dignum,1957894889,,lT4.}(%e<7m(
Sarena Farnsworth,8035085249,sfarnswortha2@fc2.com,aE8_meUt~'`n<
Rosetta Kupis,4416953625,,zZ2?&mjbK|e
Locke Blasdale,6622982060,lblasdalea4@mtv.com,gT2<Uoby+9uU$
Keir Canepe,8965797136,kcanepea5@163.com,oO6!g6kh5.S2HC}
Alasdair Presnall,6703186023,apresnalla6@engadget.com,vS0<>?.ur|cgu&+
Valencia Spriggs,3552102112,vspriggsa7@yellowbook.com,rU5(MHy\9`LTY
Sarajane Critcher,6372010860,,"bF2,S}~0Lj"
Alanah O'Feeny,9561281769,aofeenya9@dot.gov,dK1+dc=Jv|ilT
Min De Metz,7036010088,mdeaa@ucoz.com,hD3>{}0#~?e(T<&
Felita Barefoot,5917213626,fbarefootab@prweb.com,aR4`Bh>q|O9WE6*l
Jermaine Rewbottom,9952949934,,"rN9%a9""NnCdF"
Nertie Moultrie,6522463797,nmoultriead@weather.com,tL5_zN~RwM
Park Popeley,3467914851,,tB1'hZDT#a_
Kris Cook,2319323707,,"yE9$$2`.r,"
Alysia Harrow,9434113287,aharrowag@lycos.com,gR0'*h&<{@ve
Dre Baccas,6647420666,dbaccasah@flickr.com,tF9&w+l9U
Stacey Jacob,4064861793,sjacobai@over-blog.com,bS1\_+}W0|RMX!K
Aldo Balchin,3874071438,,nH6=HL4+9>
Ebeneser Pluck,7137965236,,aQ6\PZ}VI@
Henderson Whittock,6991427495,hwhittockal@vkontakte.ru,wU0`4#)z
Jacob Grove,9219358409,jgroveam@youtu.be,jX6@p$c@5)~'
Malinda Tonge,9757821227,,vD2<)$4GbktA=
Guglielma Sivewright,9069982975,gsivewrightao@multiply.com,cC5~*cuxIbMb
Nonnah Davet,8849162921,ndavetap@is.gd,kP0\$r_zTAh&
Bibby Launder,7762349708,,oA9|ayrr++Y9y
Sancho Tryhorn,5434492049,stryhornar@illinois.edu,vS1#{dNLl`9
Windy Commander,8826741840,wcommanderas@tinyurl.com,sF6<Q{+$
Chrysler Sprouls,3607741720,csproulsat@twitter.com,hK6_}rMj~v7A
Elsa Burnand,3874965962,,cU8.TA$K=9
Cesare Clace,9977937172,,yD7.I~HT$zDWnU!
Lorita Paschek,1821262390,lpaschekaw@list-manage.com,bG3|Z4K~*Z
Raine Stimson,4163257798,rstimsonax@163.com,qA2\a*.uVA@EN*48
Caressa McDade,4295945094,cmcdadeay@soup.io,"qK0""t~g9"
Haily Oylett,4329827046,,zA7.tvSX{j@O+m
Marabel Blenkensop,5771448951,,uS6~9awBX$EQLk+Q
Luci Ridgway,9317407817,,"jL8$p%f"">I+?ga"
Jefferson Henstone,5074382956,jhenstoneb2@jugem.jp,pV9>q'gMTu@y
Darcey Avis,5399572365,davisb3@vkontakte.ru,iZ2@Lsw8XTjyF2|(
